id,first_name,last_name,email,gender,age,country,fav_food
1,Enriqueta,Chrestien,echrestien0@cbslocal.com,Female,32,USA,Burger
2,Teri,Giorgietto,tgiorgietto1@examiner.com,Female,25,Germany,Sandwitch
3,Antonio,Lafoy,,Male,42,China,Nuggets
4,Cecil,,croskruge3@smh.com.au,Male,,Russia,Fries
5,Enrichetta,Klampk,eklampk4@dedecms.com,Female,54,France,Pizza
6,Nettie,Kinnett,nkinnett5@princeton.edu,Female,52,USA,Burger
7,Allina,Schulze,aschulze6@shareasale.com,Female,25,Germany,Sandwitch
8,Alessandra,Sprake,asprake7@ibm.com,Female,23,China,Nuggets
9,Tim,Schubert,tschubert8@pcworld.com,Female,24,Russia,Fries
10,Ag,Bonhomme,abonhomme9@ovh.net,Bigender,28,France,Burger
11,Regine,Goundrill,rgoundrilla@bloglines.com,Female,,China,Sandwitch
12,Wilton,Phifer,,Male,29,Russia,Nuggets
13,Thaddus,Driffe,tdriffec@deviantart.com,Male,26,France,Fries
14,Rhona,,rlandrieud@themeforest.net,Female,23,USA,Pizza
15,Lind,Shelvey,lshelveye@ft.com,Female,25,Germany,Burger
16,Tamas,Grishukhin,tgrishukhinf@state.gov,Male,21,China,Sandwitch
17,Ferdy,,,Bigender,30,Russia,Nuggets
18,Lin,McPeake,lmcpeakeh@liveinternet.ru,Female,32,USA,Pizza
19,Debbi,Wahlberg,dwahlbergi@digg.com,Non-binary,34,Germany,Burger
20,Lurleen,De Morena,ldemorenaj@friendfeed.com,Female,24,China,Sandwitch
21,Forester,Scarff,fscarffk@gnu.org,Genderfluid,32,Russia,Nuggets
22,Laryssa,Tilzey,ltilzeyl@state.tx.us,Female,25,France,Fries
23,Rockwell,Culshaw,rculshawm@virginia.edu,Male,42,China,Burger
24,Bayard,Dalglish,bdalglishn@ted.com,Male,22,Russia,Sandwitch
25,Giulio,Cowherd,gcowherdo@google.es,Male,54,France,Nuggets
26,Nannie,Latore,nlatorep@engadget.com,Female,52,USA,Fries
27,Christian,MacDirmid,cmacdirmidq@nifty.com,Female,25,Germany,Pizza
28,Arnie,Ettels,aettelsr@mapquest.com,Male,23,China,Burger
29,Emmye,Catterill,ecatterills@cloudflare.com,Female,24,UAE,Sandwitch
30,Kimberley,,kwolveyt@printfriendly.com,Female,28,Qatar,Nuggets
31,Federico,Oneill,foneillu@freewebs.com,Male,,Oman,Sandwitch
32,Bernie,,bsackurv@ifeng.com,Male,29,China,Nuggets
33,Mel,Elmhurst,melmhurstw@jiathis.com,Female,26,Russia,Fries
34,Eben,Deeley,edeeleyx@dell.com,Male,23,France,Pizza
35,Crin,Wigzell,cwigzelly@drupal.org,Female,25,China,Burger
36,Christoforo,Kittles,ckittlesz@clickbank.net,Male,21,Russia,Sandwitch
37,Arin,Dungate,adungate10@oaic.gov.au,Male,30,France,Nuggets
38,Early,Cough,ecough11@home.pl,Male,32,USA,Pizza
39,Ali,Jouen,ajouen12@google.ca,Male,34,Germany,Burger
40,Myrvyn,Dean,mdean13@t-online.de,Male,24,China,Sandwitch
41,Berne,Gever,bgever14@phoca.cz,Male,32,UAE,Nuggets
42,Blake,Jervoise,bjervoise15@t.co,Male,25,Qatar,Burger
43,Dennis,Swalough,dswalough16@dailymail.co.uk,Male,42,Oman,Sandwitch
44,Nanete,Crampsey,ncrampsey17@list-manage.com,Female,22,China,Nuggets
45,Wiley,Nesterov,wnesterov18@sogou.com,Male,54,UAE,Pizza
46,Rabi,Frotton,rfrotton19@t.co,Male,52,Qatar,Burger
47,Nicolina,Hyland,nhyland1a@yelp.com,Female,25,Oman,Sandwitch
48,Mose,Neilands,mneilands1b@acquirethisname.com,Male,23,China,Nuggets
49,Lila,Tethcote,ltethcote1c@noaa.gov,Female,21,Russia,Fries
50,Rees,Airey,rairey1d@networkadvertising.org,Non-binary,30,France,Burger
51,Etheline,Blew,eblew1e@miibeian.gov.cn,Female,,China,Sandwitch
52,Roddy,Goodwill,rgoodwill1f@illinois.edu,Male,34,Russia,Nuggets
53,Araldo,MacTrustey,amactrustey1g@cmu.edu,Male,24,France,Fries
54,Davidde,Sharrier,dsharrier1h@trellian.com,Male,32,USA,Pizza
55,Antonella,Auchterlony,aauchterlony1i@tumblr.com,Female,25,Germany,Burger
56,Britni,Perez,bperez1j@ning.com,Female,54,China,Sandwitch
57,Egon,,ewooland1k@answers.com,Male,52,UAE,Nuggets
58,Nydia,Pickard,npickard1l@behance.net,Female,25,Qatar,Sandwitch
59,Gussi,Brasseur,gbrasseur1m@sakura.ne.jp,Female,23,Oman,Nuggets
60,Myrtice,Claye,mclaye1n@senate.gov,Female,21,Qatar,Fries
61,Inessa,Bartholin,ibartholin1o@joomla.org,Female,30,Oman,Pizza
62,Averil,Woolford,awoolford1p@oaic.gov.au,Male,32,China,Burger
63,Lorrie,Felmingham,lfelmingham1q@qq.com,Genderqueer,34,Russia,Sandwitch
64,Darb,Jerams,djerams1r@barnesandnoble.com,Female,24,France,Sandwitch
65,Marga,Celier,mcelier1s@xinhuanet.com,,32,China,Nuggets
66,Melva,Graal,mgraal1t@networkadvertising.org,Female,34,Russia,Fries
67,Garvin,Arnao,,Male,24,France,Pizza
68,Cornell,Eplate,ceplate1v@dell.com,Male,32,USA,Burger
69,Michel,Okill,,Male,25,Germany,Sandwitch
70,Ross,Foulser,rfoulser1x@xrea.com,Male,54,China,Nuggets
71,Lou,Brimham,lbrimham1y@delicious.com,Female,52,UAE,Sandwitch
72,Lek,,lblazhevich1z@storify.com,Male,25,Qatar,Nuggets
73,Marijn,Longega,mlongega20@myspace.com,Male,23,Oman,Fries
74,Isaiah,Denholm,idenholm21@reddit.com,Male,21,USA,Sandwitch
75,Chrissie,Syder,csyder22@dmoz.org,Male,30,Germany,Nuggets
76,Pandora,Tetla,ptetla23@howstuffworks.com,Female,32,China,Fries
77,Saundra,Knipe,sknipe24@ameblo.jp,Male,23,Russia,Burger
78,Dmitri,Beardon,dbeardon25@ox.ac.uk,Male,21,France,Sandwitch
79,Arch,Bascombe,abascombe26@columbia.edu,Male,30,China,Nuggets
80,Jelene,Waring,jwaring27@ihg.com,Female,32,Russia,Fries
81,Lucien,Arrighi,larrighi28@elegantthemes.com,Male,34,France,Pizza
82,Richmond,Whitefoot,rwhitefoot29@ehow.com,Male,24,USA,Burger
83,Pollyanna,Joint,pjoint2a@1und1.de,Female,32,Germany,Sandwitch
84,Yves,Eastup,yeastup2b@senate.gov,Male,34,China,Nuggets
85,Beverlie,Pavia,bpavia2c@imgur.com,Female,30,UAE,Sandwitch
86,Chrysler,Dinesen,,Female,32,Qatar,Nuggets
87,Shelagh,,,Female,23,Oman,Fries
88,Miles,Poad,mpoad2f@microsoft.com,Male,21,China,Pizza
89,Ola,Ridings,oridings2g@mashable.com,Bigender,30,Russia,Burger
90,Dannye,Druitt,ddruitt2h@wired.com,Female,32,France,Sandwitch
91,Salomi,Gillmore,sgillmore2i@columbia.edu,Female,30,China,Sandwitch
92,Joellen,Winning,jwinning2j@youtube.com,Female,32,Russia,Nuggets
93,Manya,Hallbord,mhallbord2k@sourceforge.net,Female,23,France,Fries
94,Abbot,Schuricke,aschuricke2l@printfriendly.com,Male,21,USA,Pizza
95,Ilene,Roebuck,iroebuck2m@archive.org,Female,30,Germany,Burger
96,Tate,Verey,tverey2n@narod.ru,Male,32,China,Pizza
97,Jeannette,Eade,jeade2o@tamu.edu,Female,34,USA,Burger
98,Kalle,Divis,kdivis2p@pen.io,Male,24,Germany,Sandwitch
99,Rania,Oliff,roliff2q@addthis.com,Female,32,China,Nuggets
100,Keelia,Hannon,khannon2r@xinhuanet.com,Female,34,Russia,Fries
101,Randal,Paprotny,rpaprotny2s@miitbeian.gov.cn,Male,30,France,Pizza
102,Aeriel,Rew,arew2t@chron.com,Female,32,USA,Burger
103,Christine,Calvard,ccalvard2u@mail.ru,Female,23,Germany,Sandwitch
104,Ardene,Village,avillage2v@tmall.com,Female,21,China,Nuggets
105,Dew,Miebes,dmiebes2w@ucla.edu,Male,30,Russia,Fries
106,Cassaundra,Winks,cwinks2x@senate.gov,Female,32,France,Burger
107,Ker,Paggitt,kpaggitt2y@weibo.com,Male,32,China,Sandwitch
108,Lovell,,,Male,25,Russia,Nuggets
109,Kip,,kferrick30@gizmodo.com,Male,54,France,Fries
110,Joseito,,jsterke31@yellowbook.com,Male,52,USA,Pizza
111,Amos,Steffens,asteffens32@gizmodo.com,Male,25,Germany,Burger
112,Laughton,Care,lcare33@cyberchimps.com,Male,23,China,Sandwitch
113,Carola,Sonley,csonley34@statcounter.com,Female,21,Russia,Nuggets
114,Hayes,Colliber,hcolliber35@behance.net,Male,30,USA,Pizza
115,Consuelo,Boot,cboot36@wiley.com,Female,32,Germany,Burger
116,Esteban,Ionnidis,eionnidis37@hao123.com,Male,34,China,Sandwitch
117,Jonah,Rolph,jrolph38@mozilla.org,Male,24,Russia,Nuggets
118,Lind,Bierton,lbierton39@independent.co.uk,Male,32,France,Fries
119,Una,Springford,uspringford3a@nyu.edu,Female,34,China,Burger
120,Clevey,Druce,cdruce3b@epa.gov,Male,24,Russia,Sandwitch
121,Audrey,Plain,aplain3c@rambler.ru,Female,32,France,Nuggets
122,Melody,Yair,myair3d@yale.edu,Female,25,USA,Fries
123,Roxana,Reimers,rreimers3e@php.net,Female,54,Germany,Pizza
124,Marcella,O'Neal,moneal3f@telegraph.co.uk,Female,52,China,Burger
125,Robinet,Gresswell,rgresswell3g@slashdot.org,Male,25,UAE,Sandwitch
126,Cicely,Mockler,cmockler3h@ycombinator.com,Female,23,Qatar,Nuggets
127,Shannah,,,Female,21,Oman,Sandwitch
128,Althea,,,Female,30,China,Nuggets
129,Megan,Crohan,mcrohan3k@apple.com,Female,32,Russia,Fries
130,Stevie,Stoak,sstoak3l@twitter.com,Male,23,France,Pizza
131,Keefer,Nixon,knixon3m@elpais.com,Male,21,China,Burger
132,Rutger,Brunton,rbrunton3n@google.pl,Male,30,Russia,Sandwitch
133,Simeon,Figgs,sfiggs3o@unicef.org,Male,32,France,Nuggets
134,Edith,Jakovijevic,ejakovijevic3p@illinois.edu,Female,34,USA,Pizza
135,Barnett,Soppitt,bsoppitt3q@typepad.com,Male,24,Germany,Burger
136,Berty,Oneill,boneill3r@google.nl,Male,32,China,Sandwitch
137,Lucinda,Ruthen,lruthen3s@si.edu,Female,34,UAE,Nuggets
138,Ralf,Koomar,rkoomar3t@friendfeed.com,Male,30,Qatar,Burger
139,Wendell,Hallan,whallan3u@etsy.com,Male,32,Oman,Sandwitch
140,Grace,Gonnely,ggonnely3v@mlb.com,Female,23,China,Nuggets
141,Robby,Bolles,rbolles3w@msu.edu,Male,21,UAE,Pizza
142,Robb,Evill,revill3x@last.fm,Male,30,Qatar,Burger
143,Julia,Ghelarducci,jghelarducci3y@ca.gov,Female,32,Oman,Sandwitch
144,Sibeal,Gristhwaite,sgristhwaite3z@e-recht24.de,Female,30,China,Nuggets
145,Peri,Gawthorpe,pgawthorpe40@epa.gov,Female,32,Russia,Fries
146,Franny,Bentote,fbentote41@unblog.fr,Male,23,France,Burger
147,Bendix,Pringley,bpringley42@mlb.com,Male,21,China,Sandwitch
148,Kimbra,Sheehan,ksheehan43@cdc.gov,Genderfluid,30,Russia,Nuggets
149,Keane,Andrewartha,kandrewartha44@edublogs.org,Male,32,France,Fries
150,Durand,Reddings,dreddings45@ow.ly,Male,34,USA,Pizza
151,Morley,Ondrasek,mondrasek46@redcross.org,Male,24,Germany,Burger
152,Kandy,Lohoar,klohoar47@sina.com.cn,Female,32,China,Sandwitch
153,Olvan,Sheekey,osheekey48@mac.com,Male,34,UAE,Nuggets
154,Amaleta,De Cristoforo,adecristoforo49@infoseek.co.jp,Bigender,30,Qatar,Sandwitch
155,Stuart,Feeley,sfeeley4a@cmu.edu,Male,32,Oman,Nuggets
156,Ag,Gilleon,agilleon4b@wp.com,Genderfluid,23,Qatar,Fries
157,Marilyn,Strover,mstrover4c@creativecommons.org,Female,21,Oman,Pizza
158,Eldin,Drage,edrage4d@facebook.com,Agender,30,China,Burger
159,Gabbey,Hain,ghain4e@biblegateway.com,Female,32,Russia,Sandwitch
160,Armstrong,Blackhurst,ablackhurst4f@tinyurl.com,Male,32,France,Sandwitch
161,Wade,Camble,wcamble4g@over-blog.com,Male,25,China,Nuggets
162,Katy,Truesdale,ktruesdale4h@oracle.com,Female,42,Russia,Fries
163,Alfons,Snoday,asnoday4i@wp.com,Male,22,France,Pizza
164,Andros,Gill,agill4j@qq.com,Male,54,USA,Burger
165,Cleveland,Rameau,crameau4k@bizjournals.com,Male,52,Germany,Sandwitch
166,Oralee,Scriviner,oscriviner4l@storify.com,Female,25,China,Nuggets
167,Meredeth,,,Male,23,UAE,Sandwitch
168,Curt,,,Male,24,Qatar,Nuggets
169,Darin,Harte,dharte4o@ameblo.jp,Male,28,Oman,Fries
170,Britta,Howbrook,bhowbrook4p@reddit.com,Female,28,USA,Sandwitch
171,Cyril,Deathridge,cdeathridge4q@free.fr,Male,29,Germany,Nuggets
172,Kippy,Bampkin,kbampkin4r@meetup.com,Female,26,China,Fries
173,Rodrick,Dowall,rdowall4s@discuz.net,Male,23,Russia,Burger
174,Kristien,Wroughton,kwroughton4t@sun.com,Female,25,France,Sandwitch
175,Lucienne,Allanson,lallanson4u@google.ru,Female,21,China,Nuggets
176,Daniele,Muggleton,dmuggleton4v@nbcnews.com,Female,30,Russia,Fries
177,Dolly,Standeven,dstandeven4w@surveymonkey.com,Female,32,France,Pizza
178,Stephenie,Giampietro,sgiampietro4x@biglobe.ne.jp,Female,34,USA,Burger
179,Traver,Colthard,tcolthard4y@dropbox.com,Male,24,Germany,Sandwitch
180,Nerty,Eliot,neliot4z@samsung.com,Female,32,China,Nuggets
181,Therese,Burehill,tburehill50@newyorker.com,Female,25,UAE,Sandwitch
182,Carmel,Lebrun,clebrun51@woothemes.com,Female,42,Qatar,Nuggets
183,Mella,,,Female,22,Oman,Fries
184,Dagny,,,Male,54,China,Pizza
185,Dmitri,Clurow,dclurow54@tripod.com,Male,52,Russia,Burger
186,Maddie,Bagenal,mbagenal55@storify.com,Female,25,France,Sandwitch
187,Chicky,Melson,cmelson56@si.edu,Male,23,China,Sandwitch
188,Kamillah,Eccersley,keccersley57@google.pl,Female,24,Russia,Nuggets
189,Chico,McGreay,cmcgreay58@home.pl,Male,28,France,Fries
190,Jodi,Kynge,jkynge59@hc360.com,Male,28,USA,Pizza
191,Dimitry,Bosdet,dbosdet5a@slideshare.net,Male,29,Germany,Burger
192,Ximenes,Furzey,xfurzey5b@bing.com,Male,26,China,Pizza
193,Osborne,Dignall,odignall5c@histats.com,Male,23,USA,Burger
194,Linnell,Nelm,lnelm5d@nba.com,Polygender,25,Germany,Sandwitch
195,Natal,Pencott,npencott5e@netscape.com,Male,21,China,Nuggets
196,Obed,Dytham,odytham5f@nih.gov,Male,30,Russia,
